Sample ID,Sample Details,Test,Results,Units,Absorbance,QC Pro result,Operator,Man Dil Factor,Auto Dil Factor,Date and Time
CCV,,Sulfate,  20.57,mg SO4/L,0.111932,0.00,seal,1,1,2025-03-05 17:17:30
CCV,,Nitrate (NOx), 0.4659,mg N/L,0.462363,0.00,seal,1,1,2025-03-05 16:07:45
CCV,,Nitrite,  93.93,ug N/L,0.194779,0.00,seal,1,1,2025-03-05 14:49:21
CCV,,Ammonia (PPS), 0.5214,mg N/L,0.116693,0.00,seal,1,1,2025-03-05 14:06:45
CCB,,Sulfate,   0.60,mg SO4/L,0.003286,0.00,seal,1,1,2025-03-05 17:17:55
CCB,,Nitrate (NOx),-0.0176,mg N/L,0.097990,0.00,seal,1,1,2025-03-05 16:08:10
CCB,,Nitrite,   0.57,ug N/L,0.003393,0.00,seal,1,1,2025-03-05 14:49:45
CCB,,Ammonia (PPS),-0.0028,mg N/L,0.006570,0.00,seal,1,1,2025-03-05 14:07:09
2 ppm SO4,,Sulfate,   1.52,mg SO4/L,0.009041, ,seal,1,1,2025-03-05 17:18:19
2 ppm SO4,,Sulfate,   1.99,mg SO4/L,0.011986, ,seal,1,1,2025-03-05 17:18:43
2 ppm SO4,,Sulfate,   1.54,mg SO4/L,0.009145, ,seal,1,1,2025-03-05 17:19:08
385,7_1_385_44967_OWC_OWC_W_PW_Sip_A_10,Sulfate,  80.48,mg SO4/L,0.338793, ,seal,1,1,2025-03-05 17:19:32
385,7_1_385_44967_OWC_OWC_W_PW_Sip_A_10,Nitrate (NOx), 0.0497,mg N/L,0.148745, ,seal,1,1,2025-03-05 16:08:36
385,7_1_385_44967_OWC_OWC_W_PW_Sip_A_10,Nitrite,   6.51,ug N/L,0.015579, ,seal,1,1,2025-03-05 14:50:09
385,7_1_385_44967_OWC_OWC_W_PW_Sip_A_10,Ammonia (PPS), 0.4693,mg N/L,0.105739, ,seal,1,1,2025-03-05 14:07:34
386,7_2_386_44967_OWC_OWC_W_PW_Sip_A_20,Sulfate,   5.65,mg SO4/L,0.033869, ,seal,1,1,2025-03-05 17:19:56
386,7_2_386_44967_OWC_OWC_W_PW_Sip_A_20,Nitrate (NOx), 0.0094,mg N/L,0.118328, ,seal,1,1,2025-03-05 16:09:01
386,7_2_386_44967_OWC_OWC_W_PW_Sip_A_20,Nitrite,   4.34,ug N/L,0.011117, ,seal,1,1,2025-03-05 14:50:33
386,7_2_386_44967_OWC_OWC_W_PW_Sip_A_20,Ammonia (PPS), 0.8795,mg N/L,0.191916, ,seal,1,1,2025-03-05 14:07:58
387,7_3_387_44967_OWC_OWC_W_PW_Sip_A_45,Sulfate,  10.16,mg SO4/L,0.059134, ,seal,1,1,2025-03-05 17:20:20
387,7_3_387_44967_OWC_OWC_W_PW_Sip_A_45,Nitrate (NOx),-0.0023,mg N/L,0.109528, ,seal,1,1,2025-03-05 16:09:26
387,7_3_387_44967_OWC_OWC_W_PW_Sip_A_45,Nitrite,   2.75,ug N/L,0.007870, ,seal,1,1,2025-03-05 14:50:57
387,7_3_387_44967_OWC_OWC_W_PW_Sip_A_45,Ammonia (PPS), 1.1276,mg N/L,0.244034, ,seal,1,1,2025-03-05 14:08:23
388,7_4_388_44967_OWC_OWC_W_PW_Sip_B_10,Sulfate,  10.17,mg SO4/L,0.059160, ,seal,1,1,2025-03-05 17:20:45
388,7_4_388_44967_OWC_OWC_W_PW_Sip_B_10,Nitrate (NOx), 0.0611,mg N/L,0.157330, ,seal,1,1,2025-03-05 16:09:51
388,7_4_388_44967_OWC_OWC_W_PW_Sip_B_10,Nitrite,  12.36,ug N/L,0.027576, ,seal,1,1,2025-03-05 14:51:21
388,7_4_388_44967_OWC_OWC_W_PW_Sip_B_10,Ammonia (PPS), 0.7552,mg N/L,0.165802, ,seal,1,1,2025-03-05 14:08:47
389,7_5_389_44967_OWC_OWC_W_PW_Sip_B_20,Sulfate,   9.19,mg SO4/L,0.053811, ,seal,1,1,2025-03-05 17:21:09
389,7_5_389_44967_OWC_OWC_W_PW_Sip_B_20,Nitrate (NOx), 0.0320,mg N/L,0.135398, ,seal,1,1,2025-03-05 16:10:16
389,7_5_389_44967_OWC_OWC_W_PW_Sip_B_20,Nitrite,   7.35,ug N/L,0.017306, ,seal,1,1,2025-03-05 14:51:45
389,7_5_389_44967_OWC_OWC_W_PW_Sip_B_20,Ammonia (PPS), 0.5685,mg N/L,0.126576, ,seal,1,1,2025-03-05 14:09:11
390,7_6_390_44967_OWC_OWC_W_PW_Sip_B_45,Sulfate,   7.83,mg SO4/L,0.046266, ,seal,1,1,2025-03-05 17:21:33
390,7_6_390_44967_OWC_OWC_W_PW_Sip_B_45,Nitrate (NOx), 0.3086,mg N/L,0.343826, ,seal,1,1,2025-03-05 16:10:40
390,7_6_390_44967_OWC_OWC_W_PW_Sip_B_45,Nitrite,   3.35,ug N/L,0.009100, ,seal,1,1,2025-03-05 14:52:09
390,7_6_390_44967_OWC_OWC_W_PW_Sip_B_45,Ammonia (PPS), 1.0547,mg N/L,0.228725, ,seal,1,1,2025-03-05 14:09:35
391,7_7_391_44967_OWC_OWC_W_PW_Sip_C_10,Sulfate,   8.88,mg SO4/L,0.052105, ,seal,1,1,2025-03-05 17:21:58
391,7_7_391_44967_OWC_OWC_W_PW_Sip_C_10,Nitrate (NOx), 0.0142,mg N/L,0.122010, ,seal,1,1,2025-03-05 16:11:05
391,7_7_391_44967_OWC_OWC_W_PW_Sip_C_10,Nitrite,  12.60,ug N/L,0.028049, ,seal,1,1,2025-03-05 14:52:34
391,7_7_391_44967_OWC_OWC_W_PW_Sip_C_10,Ammonia (PPS), 0.9577,mg N/L,0.208349, ,seal,1,1,2025-03-05 14:09:59
CCV,,Sulfate,  18.83,mg SO4/L,0.103561,0.00,seal,1,1,2025-03-05 17:22:22
CCB,,Sulfate,   0.50,mg SO4/L,0.002618,0.00,seal,1,1,2025-03-05 17:22:46
392,7_8_392_44967_OWC_OWC_W_PW_Sip_C_20,Sulfate,  11.98,mg SO4/L,0.068864, ,seal,1,1,2025-03-05 17:23:11
392,7_8_392_44967_OWC_OWC_W_PW_Sip_C_20,Nitrate (NOx), 0.0247,mg N/L,0.129897, ,seal,1,1,2025-03-05 16:11:30
392,7_8_392_44967_OWC_OWC_W_PW_Sip_C_20,Nitrite,   7.05,ug N/L,0.016690, ,seal,1,1,2025-03-05 14:52:57
392,7_8_392_44967_OWC_OWC_W_PW_Sip_C_20,Ammonia (PPS), 0.7538,mg N/L,0.165515, ,seal,1,1,2025-03-05 14:10:23
393,7_9_393_44967_OWC_OWC_W_PW_Sip_C_45,Sulfate,   7.71,mg SO4/L,0.045595, ,seal,1,1,2025-03-05 17:23:35
393,7_9_393_44967_OWC_OWC_W_PW_Sip_C_45,Nitrate (NOx), 0.0042,mg N/L,0.114447, ,seal,1,1,2025-03-05 16:11:55
393,7_9_393_44967_OWC_OWC_W_PW_Sip_C_45,Nitrite,   3.46,ug N/L,0.009329, ,seal,1,1,2025-03-05 14:53:22
393,7_9_393_44967_OWC_OWC_W_PW_Sip_C_45,Ammonia (PPS), 1.0754,mg N/L,0.233064, ,seal,1,1,2025-03-05 14:10:47
394,7_11_394_44967_OWC_OWC_TR_PW_Lys_A_10,Sulfate,   2.05,mg SO4/L,0.012358, ,seal,1,1,2025-03-05 17:24:00
394,7_11_394_44967_OWC_OWC_TR_PW_Lys_A_10,Nitrate (NOx), 0.1362,mg N/L,0.213942, ,seal,1,1,2025-03-05 16:12:21
394,7_11_394_44967_OWC_OWC_TR_PW_Lys_A_10,Nitrite,   1.87,ug N/L,0.006073, ,seal,1,1,2025-03-05 14:53:45
394,7_11_394_44967_OWC_OWC_TR_PW_Lys_A_10,Ammonia (PPS), 0.0407,mg N/L,0.015703, ,seal,1,1,2025-03-05 14:11:11
CCV,,Nitrate (NOx), 0.4844,mg N/L,0.476264,0.00,seal,1,1,2025-03-05 16:12:45
CCV,,Nitrite,  95.32,ug N/L,0.197629,0.00,seal,1,1,2025-03-05 14:54:09
CCV,,Ammonia (PPS), 0.5251,mg N/L,0.117467,0.00,seal,1,1,2025-03-05 14:11:35
CCB,,Nitrate (NOx),-0.0105,mg N/L,0.103402,0.00,seal,1,1,2025-03-05 16:13:11
CCB,,Nitrite,   0.57,ug N/L,0.003399,0.00,seal,1,1,2025-03-05 14:54:33
CCB,,Ammonia (PPS),-0.0028,mg N/L,0.006566,0.00,seal,1,1,2025-03-05 14:11:59
395,7_12_395_44967_OWC_OWC_TR_PW_Lys_A_20,Sulfate,  67.45,mg SO4/L,0.296531, ,seal,1,1,2025-03-05 17:24:24
395,7_12_395_44967_OWC_OWC_TR_PW_Lys_A_20,Nitrate (NOx), 0.0058,mg N/L,0.115672, ,seal,1,1,2025-03-05 16:13:36
395,7_12_395_44967_OWC_OWC_TR_PW_Lys_A_20,Nitrite,   2.73,ug N/L,0.007824, ,seal,1,1,2025-03-05 14:54:57
395,7_12_395_44967_OWC_OWC_TR_PW_Lys_A_20,Ammonia (PPS), 0.1111,mg N/L,0.030491, ,seal,1,1,2025-03-05 14:12:23
396,7_13_396_44967_OWC_OWC_TR_PW_Lys_A_45,Sulfate,  76.85,mg SO4/L,0.327298, ,seal,1,1,2025-03-05 17:24:48
396,7_13_396_44967_OWC_OWC_TR_PW_Lys_A_45,Nitrate (NOx), 0.0172,mg N/L,0.124227, ,seal,1,1,2025-03-05 16:14:01
396,7_13_396_44967_OWC_OWC_TR_PW_Lys_A_45,Nitrite,   2.50,ug N/L,0.007345, ,seal,1,1,2025-03-05 14:55:21
396,7_13_396_44967_OWC_OWC_TR_PW_Lys_A_45,Ammonia (PPS), 0.0400,mg N/L,0.015564, ,seal,1,1,2025-03-05 14:12:47
397,7_14_397_44967_OWC_OWC_TR_PW_Lys_B_10,Sulfate,   2.06,mg SO4/L,0.012379, ,seal,1,1,2025-03-05 17:25:13
397,7_14_397_44967_OWC_OWC_TR_PW_Lys_B_10,Nitrate (NOx), 0.0122,mg N/L,0.120464, ,seal,1,1,2025-03-05 16:14:25
397,7_14_397_44967_OWC_OWC_TR_PW_Lys_B_10,Nitrite,   2.10,ug N/L,0.006535, ,seal,1,1,2025-03-05 14:55:46
397,7_14_397_44967_OWC_OWC_TR_PW_Lys_B_10,Ammonia (PPS), 0.0844,mg N/L,0.024887, ,seal,1,1,2025-03-05 14:13:11
398,7_15_398_44967_OWC_OWC_TR_PW_Lys_B_20,Sulfate,  15.09,mg SO4/L,0.084973, ,seal,1,1,2025-03-05 17:25:37
398,7_15_398_44967_OWC_OWC_TR_PW_Lys_B_20,Nitrate (NOx), 0.0108,mg N/L,0.119406, ,seal,1,1,2025-03-05 16:14:50
398,7_15_398_44967_OWC_OWC_TR_PW_Lys_B_20,Nitrite,   2.40,ug N/L,0.007145, ,seal,1,1,2025-03-05 14:56:09
398,7_15_398_44967_OWC_OWC_TR_PW_Lys_B_20,Ammonia (PPS), 0.0572,mg N/L,0.019166, ,seal,1,1,2025-03-05 14:13:36
399,7_16_399_44967_OWC_OWC_TR_PW_Lys_B_45,Sulfate,  76.83,mg SO4/L,0.327228, ,seal,1,1,2025-03-05 17:26:01
399,7_16_399_44967_OWC_OWC_TR_PW_Lys_B_45,Nitrate (NOx), 0.0138,mg N/L,0.121680, ,seal,1,1,2025-03-05 16:15:16
399,7_16_399_44967_OWC_OWC_TR_PW_Lys_B_45,Nitrite,   2.19,ug N/L,0.006719, ,seal,1,1,2025-03-05 14:56:34
399,7_16_399_44967_OWC_OWC_TR_PW_Lys_B_45,Ammonia (PPS), 0.0968,mg N/L,0.027483, ,seal,1,1,2025-03-05 14:13:59
400,7_17_400_44967_OWC_OWC_TR_PW_Lys_C_10,Sulfate,   1.81,mg SO4/L,0.010846, ,seal,1,1,2025-03-05 17:26:25
400,7_17_400_44967_OWC_OWC_TR_PW_Lys_C_10,Nitrate (NOx), 0.1654,mg N/L,0.235893, ,seal,1,1,2025-03-05 16:15:41
400,7_17_400_44967_OWC_OWC_TR_PW_Lys_C_10,Nitrite,   2.25,ug N/L,0.006846, ,seal,1,1,2025-03-05 14:56:57
400,7_17_400_44967_OWC_OWC_TR_PW_Lys_C_10,Ammonia (PPS), 0.0763,mg N/L,0.023177, ,seal,1,1,2025-03-05 14:14:23
401,7_18_401_44967_OWC_OWC_TR_PW_Lys_C_20,Sulfate,   1.64,mg SO4/L,0.009787, ,seal,1,1,2025-03-05 17:26:50
401,7_18_401_44967_OWC_OWC_TR_PW_Lys_C_20,Nitrate (NOx), 0.1365,mg N/L,0.214166, ,seal,1,1,2025-03-05 16:16:05
401,7_18_401_44967_OWC_OWC_TR_PW_Lys_C_20,Nitrite,   7.57,ug N/L,0.017745, ,seal,1,1,2025-03-05 14:57:21
401,7_18_401_44967_OWC_OWC_TR_PW_Lys_C_20,Ammonia (PPS), 0.0752,mg N/L,0.022953, ,seal,1,1,2025-03-05 14:14:47
CCV,,Sulfate,  16.45,mg SO4/L,0.091810,0.00,seal,1,1,2025-03-05 17:27:14
CCB,,Sulfate,   0.46,mg SO4/L,0.002396,0.00,seal,1,1,2025-03-05 17:27:39
402,7_19_402_44967_OWC_OWC_TR_PW_Lys_C_45,Sulfate,  82.04,mg SO4/L,0.343685, ,seal,1,1,2025-03-05 17:28:04
402,7_19_402_44967_OWC_OWC_TR_PW_Lys_C_45,Nitrate (NOx), 0.0623,mg N/L,0.158228, ,seal,1,1,2025-03-05 16:16:30
402,7_19_402_44967_OWC_OWC_TR_PW_Lys_C_45,Nitrite,   4.11,ug N/L,0.010650, ,seal,1,1,2025-03-05 14:57:46
402,7_19_402_44967_OWC_OWC_TR_PW_Lys_C_45,Ammonia (PPS), 0.0589,mg N/L,0.019517, ,seal,1,1,2025-03-05 14:15:11
403,7_21_403_44967_OWC_OWC_UP_PW_Lys_A_10,Sulfate,   2.56,mg SO4/L,0.015484, ,seal,1,1,2025-03-05 17:28:28
403,7_21_403_44967_OWC_OWC_UP_PW_Lys_A_10,Nitrate (NOx), 0.0233,mg N/L,0.128850, ,seal,1,1,2025-03-05 16:16:55
403,7_21_403_44967_OWC_OWC_UP_PW_Lys_A_10,Nitrite,   3.70,ug N/L,0.009823, ,seal,1,1,2025-03-05 14:58:09
403,7_21_403_44967_OWC_OWC_UP_PW_Lys_A_10,Ammonia (PPS), 0.0680,mg N/L,0.021439, ,seal,1,1,2025-03-05 14:15:36
404,7_23_404_44967_OWC_OWC_UP_PW_Lys_A_45,Sulfate,   2.75,mg SO4/L,0.016621, ,seal,1,1,2025-03-05 17:28:52
404,7_23_404_44967_OWC_OWC_UP_PW_Lys_A_45,Nitrate (NOx),-0.0012,mg N/L,0.110371, ,seal,1,1,2025-03-05 16:17:20
404,7_23_404_44967_OWC_OWC_UP_PW_Lys_A_45,Nitrite,   3.26,ug N/L,0.008902, ,seal,1,1,2025-03-05 14:58:33
404,7_23_404_44967_OWC_OWC_UP_PW_Lys_A_45,Ammonia (PPS), 0.0308,mg N/L,0.013611, ,seal,1,1,2025-03-05 14:16:00
CCV,,Nitrate (NOx), 0.4898,mg N/L,0.480363,0.00,seal,1,1,2025-03-05 16:17:45
CCV,,Nitrite,  95.73,ug N/L,0.198473,0.00,seal,1,1,2025-03-05 14:58:57
CCV,,Ammonia (PPS), 0.5082,mg N/L,0.113912,0.00,seal,1,1,2025-03-05 14:16:24
CCB,,Nitrate (NOx),-0.0009,mg N/L,0.110615,0.00,seal,1,1,2025-03-05 16:18:11
CCB,,Nitrite,   0.73,ug N/L,0.003725,0.00,seal,1,1,2025-03-05 14:59:21
CCB,,Ammonia (PPS),-0.0042,mg N/L,0.006270,0.00,seal,1,1,2025-03-05 14:16:49
405,7_24_405_44967_OWC_OWC_UP_PW_Lys_B_10,Sulfate,   1.15,mg SO4/L,0.006729, ,seal,1,1,2025-03-05 17:29:16
405,7_24_405_44967_OWC_OWC_UP_PW_Lys_B_10,Nitrate (NOx), 0.0124,mg N/L,0.120592, ,seal,1,1,2025-03-05 16:18:37
405,7_24_405_44967_OWC_OWC_UP_PW_Lys_B_10,Nitrite,   3.75,ug N/L,0.009926, ,seal,1,1,2025-03-05 14:59:46
405,7_24_405_44967_OWC_OWC_UP_PW_Lys_B_10,Ammonia (PPS), 0.1117,mg N/L,0.030617, ,seal,1,1,2025-03-05 14:17:13
406,7_25_406_44967_OWC_OWC_UP_PW_Lys_B_20,Sulfate,   6.52,mg SO4/L,0.038883, ,seal,1,1,2025-03-05 17:29:41
406,7_25_406_44967_OWC_OWC_UP_PW_Lys_B_20,Nitrate (NOx), 0.0405,mg N/L,0.141774, ,seal,1,1,2025-03-05 16:19:01
406,7_25_406_44967_OWC_OWC_UP_PW_Lys_B_20,Nitrite,   1.53,ug N/L,0.005369, ,seal,1,1,2025-03-05 15:00:10
406,7_25_406_44967_OWC_OWC_UP_PW_Lys_B_20,Ammonia (PPS), 0.1788,mg N/L,0.044721, ,seal,1,1,2025-03-05 14:17:37
407,7_27_407_44967_OWC_OWC_UP_PW_Lys_C_10,Sulfate,  58.77,mg SO4/L,0.266713, ,seal,1,1,2025-03-05 17:30:06
407,7_27_407_44967_OWC_OWC_UP_PW_Lys_C_10,Nitrate (NOx), 0.0453,mg N/L,0.145450, ,seal,1,1,2025-03-05 16:19:26
407,7_27_407_44967_OWC_OWC_UP_PW_Lys_C_10,Nitrite,  34.09,ug N/L,0.072113, ,seal,1,1,2025-03-05 15:00:34
407,7_27_407_44967_OWC_OWC_UP_PW_Lys_C_10,Ammonia (PPS), 0.0903,mg N/L,0.026127, ,seal,1,1,2025-03-05 14:18:01
408,7_28_408_44967_OWC_OWC_UP_PW_Lys_C_20,Sulfate,   2.69,mg SO4/L,0.016259, ,seal,1,1,2025-03-05 17:30:30
408,7_28_408_44967_OWC_OWC_UP_PW_Lys_C_20,Nitrate (NOx),-0.0039,mg N/L,0.108370, ,seal,1,1,2025-03-05 16:19:51
408,7_28_408_44967_OWC_OWC_UP_PW_Lys_C_20,Nitrite,   2.73,ug N/L,0.007826, ,seal,1,1,2025-03-05 15:00:58
408,7_28_408_44967_OWC_OWC_UP_PW_Lys_C_20,Ammonia (PPS), 0.0263,mg N/L,0.012669, ,seal,1,1,2025-03-05 14:18:25
409,7_29_409_44967_OWC_OWC_UP_PW_Lys_C_45,Sulfate, 632.29,mg SO4/L,1.331435, ,seal,1,1,2025-03-05 17:30:54
409,7_29_409_44967_OWC_OWC_UP_PW_Lys_C_45,Nitrate (NOx), 0.0929,mg N/L,0.181306, ,seal,1,1,2025-03-05 16:20:16
409,7_29_409_44967_OWC_OWC_UP_PW_Lys_C_45,Nitrite,   3.61,ug N/L,0.009624, ,seal,1,1,2025-03-05 15:01:22
409,7_29_409_44967_OWC_OWC_UP_PW_Lys_C_45,Ammonia (PPS), 0.4744,mg N/L,0.106808, ,seal,1,1,2025-03-05 14:18:50
410,7_31_410_44967_OWC_OWC_TR_RZ_Rz_1_,Sulfate,   2.51,mg SO4/L,0.015151, ,seal,1,1,2025-03-05 17:31:19
410,7_31_410_44967_OWC_OWC_TR_RZ_Rz_1_,Nitrate (NOx), 0.2867,mg N/L,0.132884, ,seal,1,10.000,2025-03-05 16:20:40
410,7_31_410_44967_OWC_OWC_TR_RZ_Rz_1_,Nitrite,   2.05,ug N/L,0.006434, ,seal,1,1,2025-03-05 15:01:46
410,7_31_410_44967_OWC_OWC_TR_RZ_Rz_1_,Ammonia (PPS), 0.0758,mg N/L,0.023078, ,seal,1,1,2025-03-05 14:19:13
411,7_32_411_44967_OWC_OWC_TR_RZ_Rz_2_,Sulfate,   1.72,mg SO4/L,0.010306, ,seal,1,1,2025-03-05 17:31:43
411,7_32_411_44967_OWC_OWC_TR_RZ_Rz_2_,Nitrate (NOx), 3.0872,mg N/L,0.343911, ,seal,1,10.000,2025-03-05 16:21:05
411,7_32_411_44967_OWC_OWC_TR_RZ_Rz_2_,Nitrite,   2.42,ug N/L,0.007196, ,seal,1,1,2025-03-05 15:02:09
411,7_32_411_44967_OWC_OWC_TR_RZ_Rz_2_,Ammonia (PPS), 0.0747,mg N/L,0.022840, ,seal,1,1,2025-03-05 14:19:37
CCV,,Sulfate,  16.85,mg SO4/L,0.093841,0.00,seal,1,1,2025-03-05 17:32:07
CCB,,Sulfate,   0.48,mg SO4/L,0.002516,0.00,seal,1,1,2025-03-05 17:32:32
412,7_33_412_44967_OWC_OWC_TR_RZ_Rz_3_,Sulfate,   7.31,mg SO4/L,0.043384, ,seal,1,1,2025-03-05 17:32:57
412,7_33_412_44967_OWC_OWC_TR_RZ_Rz_3_,Nitrate (NOx), 2.1436,mg N/L,0.272811, ,seal,1,10.000,2025-03-05 16:21:30
412,7_33_412_44967_OWC_OWC_TR_RZ_Rz_3_,Nitrite,   3.97,ug N/L,0.010366, ,seal,1,1,2025-03-05 15:02:33
412,7_33_412_44967_OWC_OWC_TR_RZ_Rz_3_,Ammonia (PPS), 0.0290,mg N/L,0.013245, ,seal,1,1,2025-03-05 14:20:01
413,7_34_413_44967_OWC_OWC_TR_RZ_Rz_4_,Sulfate,   6.22,mg SO4/L,0.037171, ,seal,1,1,2025-03-05 17:33:22
413,7_34_413_44967_OWC_OWC_TR_RZ_Rz_4_,Nitrate (NOx),-0.0591,mg N/L,0.106827, ,seal,1,10.000,2025-03-05 16:21:54
413,7_34_413_44967_OWC_OWC_TR_RZ_Rz_4_,Nitrite,   3.46,ug N/L,0.009325, ,seal,1,1,2025-03-05 15:02:57
413,7_34_413_44967_OWC_OWC_TR_RZ_Rz_4_,Ammonia (PPS), 0.0521,mg N/L,0.018102, ,seal,1,1,2025-03-05 14:20:25
414,7_35_414_44967_OWC_OWC_TR_RZ_Rz_5_,Sulfate,   1.69,mg SO4/L,0.010103, ,seal,1,1,2025-03-05 17:33:46
414,7_35_414_44967_OWC_OWC_TR_RZ_Rz_5_,Nitrate (NOx), 0.0642,mg N/L,0.116120, ,seal,1,10.000,2025-03-05 16:22:18
414,7_35_414_44967_OWC_OWC_TR_RZ_Rz_5_,Nitrite,   2.85,ug N/L,0.008070, ,seal,1,1,2025-03-05 15:03:22
414,7_35_414_44967_OWC_OWC_TR_RZ_Rz_5_,Ammonia (PPS), 0.0790,mg N/L,0.023749, ,seal,1,1,2025-03-05 14:20:50
CCV,,Nitrate (NOx), 0.4748,mg N/L,0.469086,0.00,seal,1,1,2025-03-05 16:22:42
CCV,,Nitrite,  94.98,ug N/L,0.196941,0.00,seal,1,1,2025-03-05 15:03:46
CCV,,Ammonia (PPS), 0.4979,mg N/L,0.111746,0.00,seal,1,1,2025-03-05 14:21:15
CCB,,Nitrate (NOx),-0.0000,mg N/L,0.111268,0.00,seal,1,1,2025-03-05 16:23:06
CCB,,Nitrite,   1.22,ug N/L,0.004733,0.00,seal,1,1,2025-03-05 15:04:10
CCB,,Ammonia (PPS),-0.0026,mg N/L,0.006609,0.00,seal,1,1,2025-03-05 14:21:40
415,7_36_415_44967_OWC_OWC_TR_RZ_Rz_6_,Sulfate,   2.08,mg SO4/L,0.012496, ,seal,1,1,2025-03-05 17:34:11
415,7_36_415_44967_OWC_OWC_TR_RZ_Rz_6_,Nitrate (NOx), 1.2152,mg N/L,0.202849, ,seal,1,10.000,2025-03-05 16:23:31
415,7_36_415_44967_OWC_OWC_TR_RZ_Rz_6_,Nitrite,   5.94,ug N/L,0.014401, ,seal,1,1,2025-03-05 15:04:34
415,7_36_415_44967_OWC_OWC_TR_RZ_Rz_6_,Ammonia (PPS), 0.0719,mg N/L,0.022263, ,seal,1,1,2025-03-05 14:22:04
416,7_37_416_44967_OWC_OWC_TR_RZ_Rz_7_,Sulfate,   1.52,mg SO4/L,0.009018, ,seal,1,1,2025-03-05 17:34:35
416,7_37_416_44967_OWC_OWC_TR_RZ_Rz_7_,Nitrate (NOx), 5.9561,mg N/L,0.560100, ,seal,1,10.000,2025-03-05 16:23:55
416,7_37_416_44967_OWC_OWC_TR_RZ_Rz_7_,Nitrite,   6.36,ug N/L,0.015261, ,seal,1,1,2025-03-05 15:04:58
416,7_37_416_44967_OWC_OWC_TR_RZ_Rz_7_,Ammonia (PPS), 0.0866,mg N/L,0.025338, ,seal,1,1,2025-03-05 14:22:28
417,7_38_417_44967_OWC_OWC_TR_RZ_Rz_8_,Sulfate,   8.76,mg SO4/L,0.051440, ,seal,1,1,2025-03-05 17:35:00
417,7_38_417_44967_OWC_OWC_TR_RZ_Rz_8_,Nitrate (NOx), 1.8211,mg N/L,0.248504, ,seal,1,10.000,2025-03-05 16:24:19
417,7_38_417_44967_OWC_OWC_TR_RZ_Rz_8_,Nitrite,   4.88,ug N/L,0.012238, ,seal,1,1,2025-03-05 15:05:22
417,7_38_417_44967_OWC_OWC_TR_RZ_Rz_8_,Ammonia (PPS), 0.0451,mg N/L,0.016624, ,seal,1,1,2025-03-05 14:22:53
418,7_41_418_44967_OWC_OWC_UP_RZ_Rz_1_,Sulfate,  23.15,mg SO4/L,0.124082, ,seal,1,1,2025-03-05 17:35:24
418,7_41_418_44967_OWC_OWC_UP_RZ_Rz_1_,Nitrate (NOx),-0.0392,mg N/L,0.108326, ,seal,1,10.000,2025-03-05 16:24:43
418,7_41_418_44967_OWC_OWC_UP_RZ_Rz_1_,Nitrite,  12.21,ug N/L,0.027251, ,seal,1,1,2025-03-05 15:05:46
418,7_41_418_44967_OWC_OWC_UP_RZ_Rz_1_,Ammonia (PPS), 0.0446,mg N/L,0.016516, ,seal,1,1,2025-03-05 14:23:16
419,7_42_419_44967_OWC_OWC_UP_RZ_Rz_2_,Sulfate,  46.90,mg SO4/L,0.223308, ,seal,1,1,2025-03-05 17:35:49
419,7_42_419_44967_OWC_OWC_UP_RZ_Rz_2_,Nitrate (NOx), 0.1847,mg N/L,0.125198, ,seal,1,10.000,2025-03-05 16:25:07
419,7_42_419_44967_OWC_OWC_UP_RZ_Rz_2_,Nitrite,  19.19,ug N/L,0.041569, ,seal,1,1,2025-03-05 15:06:10
419,7_42_419_44967_OWC_OWC_UP_RZ_Rz_2_,Ammonia (PPS), 0.0381,mg N/L,0.015154, ,seal,1,1,2025-03-05 14:23:40
420,7_43_420_44967_OWC_OWC_UP_RZ_Rz_3_,Sulfate,  24.34,mg SO4/L,0.129563, ,seal,1,1,2025-03-05 17:36:13
420,7_43_420_44967_OWC_OWC_UP_RZ_Rz_3_,Nitrate (NOx), 0.0339,mg N/L,0.113835, ,seal,1,10.000,2025-03-05 16:25:31
420,7_43_420_44967_OWC_OWC_UP_RZ_Rz_3_,Nitrite,  12.06,ug N/L,0.026945, ,seal,1,1,2025-03-05 15:06:34
420,7_43_420_44967_OWC_OWC_UP_RZ_Rz_3_,Ammonia (PPS), 0.0359,mg N/L,0.014689, ,seal,1,1,2025-03-05 14:24:04
421,7_44_421_44967_OWC_OWC_UP_RZ_Rz_4_,Sulfate,  49.86,mg SO4/L,0.234436, ,seal,1,1,2025-03-05 17:36:38
421,7_44_421_44967_OWC_OWC_UP_RZ_Rz_4_,Nitrate (NOx), 0.7269,mg N/L,0.166052, ,seal,1,10.000,2025-03-05 16:25:55
421,7_44_421_44967_OWC_OWC_UP_RZ_Rz_4_,Nitrite,  18.56,ug N/L,0.040274, ,seal,1,1,2025-03-05 15:06:58
421,7_44_421_44967_OWC_OWC_UP_RZ_Rz_4_,Ammonia (PPS), 0.0393,mg N/L,0.015411, ,seal,1,1,2025-03-05 14:24:28
CCV,,Sulfate,  21.42,mg SO4/L,0.115950,0.00,seal,1,1,2025-03-05 17:37:02
CCB,,Sulfate,   0.56,mg SO4/L,0.003031,0.00,seal,1,1,2025-03-05 17:37:28
422,7_45_422_44967_OWC_OWC_UP_RZ_Rz_5_,Sulfate,  67.79,mg SO4/L,0.297673, ,seal,1,1,2025-03-05 17:37:54
422,7_45_422_44967_OWC_OWC_UP_RZ_Rz_5_,Nitrate (NOx),-0.0425,mg N/L,0.108080, ,seal,1,10.000,2025-03-05 16:26:19
422,7_45_422_44967_OWC_OWC_UP_RZ_Rz_5_,Nitrite,  23.46,ug N/L,0.050325, ,seal,1,1,2025-03-05 15:07:22
422,7_45_422_44967_OWC_OWC_UP_RZ_Rz_5_,Ammonia (PPS), 0.0985,mg N/L,0.027840, ,seal,1,1,2025-03-05 14:24:52
423,7_46_423_44967_OWC_OWC_UP_RZ_Rz_6_,Sulfate,  10.17,mg SO4/L,0.059198, ,seal,1,1,2025-03-05 17:38:18
423,7_46_423_44967_OWC_OWC_UP_RZ_Rz_6_,Nitrate (NOx),-0.0972,mg N/L,0.103954, ,seal,1,10.000,2025-03-05 16:26:43
423,7_46_423_44967_OWC_OWC_UP_RZ_Rz_6_,Nitrite,   5.56,ug N/L,0.013628, ,seal,1,1,2025-03-05 15:07:46
423,7_46_423_44967_OWC_OWC_UP_RZ_Rz_6_,Ammonia (PPS), 0.0340,mg N/L,0.014295, ,seal,1,1,2025-03-05 14:25:16
424,7_48_424_44967_OWC_OWC_UP_RZ_Rz_8_,Sulfate,  48.51,mg SO4/L,0.229369, ,seal,1,1,2025-03-05 17:38:43
424,7_48_424_44967_OWC_OWC_UP_RZ_Rz_8_,Nitrate (NOx), 0.0124,mg N/L,0.112212, ,seal,1,10.000,2025-03-05 16:27:07
424,7_48_424_44967_OWC_OWC_UP_RZ_Rz_8_,Nitrite,  20.21,ug N/L,0.043653, ,seal,1,1,2025-03-05 15:08:10
424,7_48_424_44967_OWC_OWC_UP_RZ_Rz_8_,Ammonia (PPS), 0.0457,mg N/L,0.016756, ,seal,1,1,2025-03-05 14:25:40
CCV,,Nitrate (NOx), 0.4769,mg N/L,0.470631,0.00,seal,1,1,2025-03-05 16:27:31
CCV,,Nitrite,  89.59,ug N/L,0.185886,0.00,seal,1,1,2025-03-05 15:08:34
CCV,,Ammonia (PPS), 0.4834,mg N/L,0.108706,0.00,seal,1,1,2025-03-05 14:26:04
CCB,,Nitrate (NOx),-0.0062,mg N/L,0.106575,0.00,seal,1,1,2025-03-05 16:27:55
CCB,,Nitrite,   2.53,ug N/L,0.007425,0.00,seal,1,1,2025-03-05 15:08:58
CCB,,Ammonia (PPS),-0.0023,mg N/L,0.006671,0.00,seal,1,1,2025-03-05 14:26:29
425,7_49_425_44967_OWC_OWC__Stream___,Sulfate,   2.02,mg SO4/L,0.012132, ,seal,1,1,2025-03-05 17:39:07
425,7_49_425_44967_OWC_OWC__Stream___,Nitrate (NOx), 8.0615,mg N/L,6.185928, ,seal,1,1,2025-03-05 16:28:20
425,7_49_425_44967_OWC_OWC__Stream___,Nitrite,  18.47,ug N/L,0.040100, ,seal,1,1,2025-03-05 15:09:22
425,7_49_425_44967_OWC_OWC__Stream___,Ammonia (PPS), 0.0693,mg N/L,0.021699, ,seal,1,1,2025-03-05 14:26:53
426,7_51_426_44978_CRC_CRC_W_PW_Sip_A_10,Sulfate, 232.81,mg SO4/L,0.712373, ,seal,1,1,2025-03-05 17:39:31
426,7_51_426_44978_CRC_CRC_W_PW_Sip_A_10,Nitrate (NOx), 0.0935,mg N/L,0.181755, ,seal,1,1,2025-03-05 16:28:45
426,7_51_426_44978_CRC_CRC_W_PW_Sip_A_10,Nitrite,   3.34,ug N/L,0.009073, ,seal,1,1,2025-03-05 15:09:46
426,7_51_426_44978_CRC_CRC_W_PW_Sip_A_10,Ammonia (PPS), 0.1884,mg N/L,0.046725, ,seal,1,1,2025-03-05 14:27:17
427,7_52_427_44978_CRC_CRC_W_PW_Sip_A_20,Sulfate, 273.02,mg SO4/L,0.790329, ,seal,1,1,2025-03-05 17:39:56
427,7_52_427_44978_CRC_CRC_W_PW_Sip_A_20,Nitrate (NOx), 0.0017,mg N/L,0.112532, ,seal,1,1,2025-03-05 16:29:08
427,7_52_427_44978_CRC_CRC_W_PW_Sip_A_20,Nitrite,   2.23,ug N/L,0.006798, ,seal,1,1,2025-03-05 15:10:10
427,7_52_427_44978_CRC_CRC_W_PW_Sip_A_20,Ammonia (PPS), 0.1666,mg N/L,0.042158, ,seal,1,1,2025-03-05 14:27:41
428,7_53_428_44978_CRC_CRC_W_PW_Sip_A_45,Sulfate, 336.43,mg SO4/L,0.903257, ,seal,1,1,2025-03-05 17:40:20
428,7_53_428_44978_CRC_CRC_W_PW_Sip_A_45,Nitrate (NOx),-0.0011,mg N/L,0.110457, ,seal,1,1,2025-03-05 16:29:33
428,7_53_428_44978_CRC_CRC_W_PW_Sip_A_45,Nitrite,   1.78,ug N/L,0.005880, ,seal,1,1,2025-03-05 15:10:34
428,7_53_428_44978_CRC_CRC_W_PW_Sip_A_45,Ammonia (PPS), 0.1774,mg N/L,0.044417, ,seal,1,1,2025-03-05 14:28:05
429,7_54_429_44978_CRC_CRC_W_PW_Sip_B_10,Sulfate, 234.98,mg SO4/L,0.716739, ,seal,1,1,2025-03-05 17:40:44
429,7_54_429_44978_CRC_CRC_W_PW_Sip_B_10,Nitrate (NOx), 0.0088,mg N/L,0.117878, ,seal,1,1,2025-03-05 16:29:56
429,7_54_429_44978_CRC_CRC_W_PW_Sip_B_10,Nitrite,   2.31,ug N/L,0.006957, ,seal,1,1,2025-03-05 15:10:58
429,7_54_429_44978_CRC_CRC_W_PW_Sip_B_10,Ammonia (PPS), 0.2047,mg N/L,0.050154, ,seal,1,1,2025-03-05 14:28:28
430,7_55_430_44978_CRC_CRC_W_PW_Sip_B_20,Sulfate, 248.74,mg SO4/L,0.743949, ,seal,1,1,2025-03-05 17:41:09
430,7_55_430_44978_CRC_CRC_W_PW_Sip_B_20,Nitrate (NOx), 0.0023,mg N/L,0.113050, ,seal,1,1,2025-03-05 16:30:21
430,7_55_430_44978_CRC_CRC_W_PW_Sip_B_20,Nitrite,   2.09,ug N/L,0.006511, ,seal,1,1,2025-03-05 15:11:22
430,7_55_430_44978_CRC_CRC_W_PW_Sip_B_20,Ammonia (PPS), 0.1423,mg N/L,0.037053, ,seal,1,1,2025-03-05 14:28:52
431,7_56_431_44978_CRC_CRC_W_PW_Sip_B_45,Sulfate, 267.94,mg SO4/L,0.780785, ,seal,1,1,2025-03-05 17:41:33
431,7_56_431_44978_CRC_CRC_W_PW_Sip_B_45,Nitrate (NOx),-0.0018,mg N/L,0.109953, ,seal,1,1,2025-03-05 16:30:45
431,7_56_431_44978_CRC_CRC_W_PW_Sip_B_45,Nitrite,   2.08,ug N/L,0.006493, ,seal,1,1,2025-03-05 15:11:46
431,7_56_431_44978_CRC_CRC_W_PW_Sip_B_45,Ammonia (PPS), 0.1233,mg N/L,0.033044, ,seal,1,1,2025-03-05 14:29:16
CCV,,Sulfate,  14.21,mg SO4/L,0.080480,0.00,seal,1,1,2025-03-05 17:41:58
CCB,,Sulfate,   0.49,mg SO4/L,0.002578,0.00,seal,1,1,2025-03-05 17:42:24
432,7_57_432_44978_CRC_CRC_W_PW_Sip_C_10,Sulfate, 277.11,mg SO4/L,0.797969, ,seal,1,1,2025-03-05 17:42:50
432,7_57_432_44978_CRC_CRC_W_PW_Sip_C_10,Nitrate (NOx), 0.0320,mg N/L,0.135363, ,seal,1,1,2025-03-05 16:31:09
432,7_57_432_44978_CRC_CRC_W_PW_Sip_C_10,Nitrite,   2.86,ug N/L,0.008089, ,seal,1,1,2025-03-05 15:12:10
432,7_57_432_44978_CRC_CRC_W_PW_Sip_C_10,Ammonia (PPS), 0.1480,mg N/L,0.038243, ,seal,1,1,2025-03-05 14:29:40
433,7_58_433_44978_CRC_CRC_W_PW_Sip_C_20,Sulfate, 252.90,mg SO4/L,0.752026, ,seal,1,1,2025-03-05 17:43:14
433,7_58_433_44978_CRC_CRC_W_PW_Sip_C_20,Nitrate (NOx), 0.0399,mg N/L,0.141363, ,seal,1,1,2025-03-05 16:31:33
433,7_58_433_44978_CRC_CRC_W_PW_Sip_C_20,Nitrite,   3.71,ug N/L,0.009827, ,seal,1,1,2025-03-05 15:12:34
433,7_58_433_44978_CRC_CRC_W_PW_Sip_C_20,Ammonia (PPS), 0.3302,mg N/L,0.076513, ,seal,1,1,2025-03-05 14:30:04
434,7_59_434_44978_CRC_CRC_W_PW_Sip_C_45,Sulfate, 277.13,mg SO4/L,0.797993, ,seal,1,1,2025-03-05 17:43:38
434,7_59_434_44978_CRC_CRC_W_PW_Sip_C_45,Nitrate (NOx), 0.0162,mg N/L,0.123495, ,seal,1,1,2025-03-05 16:31:57
434,7_59_434_44978_CRC_CRC_W_PW_Sip_C_45,Nitrite,   2.44,ug N/L,0.007234, ,seal,1,1,2025-03-05 15:12:58
434,7_59_434_44978_CRC_CRC_W_PW_Sip_C_45,Ammonia (PPS), 0.2327,mg N/L,0.056032, ,seal,1,1,2025-03-05 14:30:28
CCV,,Nitrate (NOx), 0.4693,mg N/L,0.464895,0.00,seal,1,1,2025-03-05 16:32:20
CCV,,Nitrite,  93.61,ug N/L,0.194119,0.00,seal,1,1,2025-03-05 15:13:22
CCV,,Ammonia (PPS), 0.5224,mg N/L,0.116896,0.00,seal,1,1,2025-03-05 14:30:52
CCB,,Nitrate (NOx),-0.0090,mg N/L,0.104480,0.00,seal,1,1,2025-03-05 16:32:45
CCB,,Nitrite,   1.77,ug N/L,0.005865,0.00,seal,1,1,2025-03-05 15:13:46
CCB,,Ammonia (PPS),-0.0019,mg N/L,0.006748,0.00,seal,1,1,2025-03-05 14:31:16
435,7_61_435_44978_CRC_CRC_TR_PW_Lys_A_10,Sulfate, 199.09,mg SO4/L,0.642186, ,seal,1,1,2025-03-05 17:44:03
435,7_61_435_44978_CRC_CRC_TR_PW_Lys_A_10,Nitrate (NOx), 0.1946,mg N/L,0.257909, ,seal,1,1,2025-03-05 16:33:09
435,7_61_435_44978_CRC_CRC_TR_PW_Lys_A_10,Nitrite,   2.50,ug N/L,0.007348, ,seal,1,1,2025-03-05 15:14:10
435,7_61_435_44978_CRC_CRC_TR_PW_Lys_A_10,Ammonia (PPS), 0.1483,mg N/L,0.038306, ,seal,1,1,2025-03-05 14:31:40
436,7_62_436_44978_CRC_CRC_TR_PW_Lys_A_20,Sulfate, 242.34,mg SO4/L,0.731385, ,seal,1,1,2025-03-05 17:44:27
436,7_62_436_44978_CRC_CRC_TR_PW_Lys_A_20,Nitrate (NOx),-0.0000,mg N/L,0.111247, ,seal,1,1,2025-03-05 16:33:33
436,7_62_436_44978_CRC_CRC_TR_PW_Lys_A_20,Nitrite,   1.74,ug N/L,0.005804, ,seal,1,1,2025-03-05 15:14:34
436,7_62_436_44978_CRC_CRC_TR_PW_Lys_A_20,Ammonia (PPS), 0.1504,mg N/L,0.038738, ,seal,1,1,2025-03-05 14:32:04
437,7_63_437_44978_CRC_CRC_TR_PW_Lys_A_45,Sulfate, 122.33,mg SO4/L,0.459328, ,seal,1,1,2025-03-05 17:44:52
437,7_63_437_44978_CRC_CRC_TR_PW_Lys_A_45,Nitrate (NOx), 0.0411,mg N/L,0.142244, ,seal,1,1,2025-03-05 16:33:57
437,7_63_437_44978_CRC_CRC_TR_PW_Lys_A_45,Nitrite,   2.16,ug N/L,0.006657, ,seal,1,1,2025-03-05 15:14:58
437,7_63_437_44978_CRC_CRC_TR_PW_Lys_A_45,Ammonia (PPS), 0.0863,mg N/L,0.025278, ,seal,1,1,2025-03-05 14:32:28
438,7_64_438_44978_CRC_CRC_TR_PW_Lys_B_10,Sulfate, 229.15,mg SO4/L,0.704992, ,seal,1,1,2025-03-05 17:45:16
438,7_64_438_44978_CRC_CRC_TR_PW_Lys_B_10,Nitrate (NOx), 0.0141,mg N/L,0.121877, ,seal,1,1,2025-03-05 16:34:21
438,7_64_438_44978_CRC_CRC_TR_PW_Lys_B_10,Nitrite,   1.92,ug N/L,0.006172, ,seal,1,1,2025-03-05 15:15:22
438,7_64_438_44978_CRC_CRC_TR_PW_Lys_B_10,Ammonia (PPS), 0.1688,mg N/L,0.042608, ,seal,1,1,2025-03-05 14:32:52
439,7_65_439_44978_CRC_CRC_TR_PW_Lys_B_20,Sulfate, 227.13,mg SO4/L,0.700890, ,seal,1,1,2025-03-05 17:45:41
439,7_65_439_44978_CRC_CRC_TR_PW_Lys_B_20,Nitrate (NOx), 0.0002,mg N/L,0.111406, ,seal,1,1,2025-03-05 16:34:45
439,7_65_439_44978_CRC_CRC_TR_PW_Lys_B_20,Nitrite,   1.21,ug N/L,0.004705, ,seal,1,1,2025-03-05 15:15:46
439,7_65_439_44978_CRC_CRC_TR_PW_Lys_B_20,Ammonia (PPS), 0.1577,mg N/L,0.040291, ,seal,1,1,2025-03-05 14:33:16
440,7_66_440_44978_CRC_CRC_TR_PW_Lys_B_45,Sulfate, 154.23,mg SO4/L,0.540017, ,seal,1,1,2025-03-05 17:46:05
440,7_66_440_44978_CRC_CRC_TR_PW_Lys_B_45,Nitrate (NOx), 0.0073,mg N/L,0.116811, ,seal,1,1,2025-03-05 16:35:09
440,7_66_440_44978_CRC_CRC_TR_PW_Lys_B_45,Nitrite,   1.96,ug N/L,0.006254, ,seal,1,1,2025-03-05 15:16:10
440,7_66_440_44978_CRC_CRC_TR_PW_Lys_B_45,Ammonia (PPS), 0.1280,mg N/L,0.034042, ,seal,1,1,2025-03-05 14:33:40
441,7_67_441_44978_CRC_CRC_TR_PW_Lys_C_10,Sulfate, 167.93,mg SO4/L,0.572459, ,seal,1,1,2025-03-05 17:46:30
441,7_67_441_44978_CRC_CRC_TR_PW_Lys_C_10,Nitrate (NOx),-0.0034,mg N/L,0.108716, ,seal,1,1,2025-03-05 16:35:33
441,7_67_441_44978_CRC_CRC_TR_PW_Lys_C_10,Nitrite,   1.58,ug N/L,0.005475, ,seal,1,1,2025-03-05 15:16:34
441,7_67_441_44978_CRC_CRC_TR_PW_Lys_C_10,Ammonia (PPS), 0.1670,mg N/L,0.042235, ,seal,1,1,2025-03-05 14:34:04
CCV,,Sulfate,  12.97,mg SO4/L,0.074064,0.00,seal,1,1,2025-03-05 17:46:54
CCB,,Sulfate,   0.50,mg SO4/L,0.002623,0.00,seal,1,1,2025-03-05 17:47:20
442,7_68_442_44978_CRC_CRC_TR_PW_Lys_C_20,Sulfate, 200.59,mg SO4/L,0.645407, ,seal,1,1,2025-03-05 17:47:47
442,7_68_442_44978_CRC_CRC_TR_PW_Lys_C_20,Nitrate (NOx), 0.0227,mg N/L,0.128371, ,seal,1,1,2025-03-05 16:35:57
442,7_68_442_44978_CRC_CRC_TR_PW_Lys_C_20,Nitrite,   2.46,ug N/L,0.007279, ,seal,1,1,2025-03-05 15:16:58
442,7_68_442_44978_CRC_CRC_TR_PW_Lys_C_20,Ammonia (PPS), 0.1617,mg N/L,0.041118, ,seal,1,1,2025-03-05 14:34:28
443,7_69_443_44978_CRC_CRC_TR_PW_Lys_C_45,Sulfate, 133.64,mg SO4/L,0.488868, ,seal,1,1,2025-03-05 17:48:11
443,7_69_443_44978_CRC_CRC_TR_PW_Lys_C_45,Nitrate (NOx), 0.4744,mg N/L,0.468797, ,seal,1,1,2025-03-05 16:36:21
443,7_69_443_44978_CRC_CRC_TR_PW_Lys_C_45,Nitrite,   2.20,ug N/L,0.006749, ,seal,1,1,2025-03-05 15:17:22
443,7_69_443_44978_CRC_CRC_TR_PW_Lys_C_45,Ammonia (PPS), 0.0932,mg N/L,0.026734, ,seal,1,1,2025-03-05 14:34:52
444,7_71_444_44978_CRC_CRC_UP_PW_Lys_A_10,Sulfate,   6.54,mg SO4/L,0.038997, ,seal,1,1,2025-03-05 17:48:35
444,7_71_444_44978_CRC_CRC_UP_PW_Lys_A_10,Nitrate (NOx), 8.0212,mg N/L,6.155607, ,seal,1,1,2025-03-05 16:36:45
444,7_71_444_44978_CRC_CRC_UP_PW_Lys_A_10,Nitrite,  16.38,ug N/L,0.035816, ,seal,1,1,2025-03-05 15:17:46
444,7_71_444_44978_CRC_CRC_UP_PW_Lys_A_10,Ammonia (PPS), 0.1775,mg N/L,0.044435, ,seal,1,1,2025-03-05 14:35:16
CCV,,Nitrate (NOx), 0.5215,mg N/L,0.504272,0.00,seal,1,1,2025-03-05 16:37:09
CCV,,Nitrite,  94.40,ug N/L,0.195755,0.00,seal,1,1,2025-03-05 15:18:10
CCV,,Ammonia (PPS), 0.5004,mg N/L,0.112281,0.00,seal,1,1,2025-03-05 14:35:40
CCB,,Nitrate (NOx),-0.0030,mg N/L,0.108983,0.00,seal,1,1,2025-03-05 16:37:34
CCB,,Nitrite,   1.76,ug N/L,0.005831,0.00,seal,1,1,2025-03-05 15:18:35
CCB,,Ammonia (PPS),-0.0025,mg N/L,0.006621,0.00,seal,1,1,2025-03-05 14:36:04
445,7_72_445_44978_CRC_CRC_UP_PW_Lys_A_20,Sulfate,  37.27,mg SO4/L,0.185373, ,seal,1,1,2025-03-05 17:49:00
445,7_72_445_44978_CRC_CRC_UP_PW_Lys_A_20,Nitrate (NOx), 7.0184,mg N/L,5.399904, ,seal,1,1,2025-03-05 16:37:58
445,7_72_445_44978_CRC_CRC_UP_PW_Lys_A_20,Nitrite,  12.19,ug N/L,0.027217, ,seal,1,1,2025-03-05 15:18:59
445,7_72_445_44978_CRC_CRC_UP_PW_Lys_A_20,Ammonia (PPS), 0.1195,mg N/L,0.032252, ,seal,1,1,2025-03-05 14:36:28
446,7_74_446_44978_CRC_CRC_UP_PW_Lys_B_10,Sulfate,   6.34,mg SO4/L,0.037823, ,seal,1,1,2025-03-05 17:49:24
446,7_74_446_44978_CRC_CRC_UP_PW_Lys_B_10,Nitrate (NOx), 6.9219,mg N/L,5.327227, ,seal,1,1,2025-03-05 16:38:23
446,7_74_446_44978_CRC_CRC_UP_PW_Lys_B_10,Nitrite,   4.83,ug N/L,0.012130, ,seal,1,1,2025-03-05 15:19:23
446,7_74_446_44978_CRC_CRC_UP_PW_Lys_B_10,Ammonia (PPS), 0.1841,mg N/L,0.045829, ,seal,1,1,2025-03-05 14:36:52
447,7_77_447_44978_CRC_CRC_UP_PW_Lys_C_10,Sulfate,   4.80,mg SO4/L,0.028872, ,seal,1,1,2025-03-05 17:49:48
447,7_77_447_44978_CRC_CRC_UP_PW_Lys_C_10,Nitrate (NOx), 7.9763,mg N/L,6.121781, ,seal,1,1,2025-03-05 16:38:47
447,7_77_447_44978_CRC_CRC_UP_PW_Lys_C_10,Nitrite,   9.46,ug N/L,0.021629, ,seal,1,1,2025-03-05 15:19:48
447,7_77_447_44978_CRC_CRC_UP_PW_Lys_C_10,Ammonia (PPS), 0.1158,mg N/L,0.031486, ,seal,1,1,2025-03-05 14:37:16
448,7_78_448_44978_CRC_CRC__Open__A_,Sulfate,  96.89,mg SO4/L,0.388501, ,seal,1,1,2025-03-05 17:50:13
448,7_78_448_44978_CRC_CRC__Open__A_,Nitrate (NOx), 2.5777,mg N/L,2.053665, ,seal,1,1,2025-03-05 16:39:11
448,7_78_448_44978_CRC_CRC__Open__A_,Nitrite,  15.61,ug N/L,0.034222, ,seal,1,1,2025-03-05 15:20:12
448,7_78_448_44978_CRC_CRC__Open__A_,Ammonia (PPS), 0.1464,mg N/L,0.037901, ,seal,1,1,2025-03-05 14:37:40
449,7_79_449_44978_CRC_CRC__Open__B_,Sulfate,  77.19,mg SO4/L,0.328382, ,seal,1,1,2025-03-05 17:50:37
449,7_79_449_44978_CRC_CRC__Open__B_,Nitrate (NOx), 2.5454,mg N/L,2.029311, ,seal,1,1,2025-03-05 16:39:34
449,7_79_449_44978_CRC_CRC__Open__B_,Nitrite,  17.01,ug N/L,0.037097, ,seal,1,1,2025-03-05 15:20:35
449,7_79_449_44978_CRC_CRC__Open__B_,Ammonia (PPS), 0.1037,mg N/L,0.028931, ,seal,1,1,2025-03-05 14:38:04
450,7_80_450_44978_CRC_CRC__Open__C_,Sulfate,  75.44,mg SO4/L,0.322780, ,seal,1,1,2025-03-05 17:51:01
450,7_80_450_44978_CRC_CRC__Open__C_,Nitrate (NOx), 2.7477,mg N/L,2.181816, ,seal,1,1,2025-03-05 16:39:59
450,7_80_450_44978_CRC_CRC__Open__C_,Nitrite,  16.78,ug N/L,0.036621, ,seal,1,1,2025-03-05 15:21:00
450,7_80_450_44978_CRC_CRC__Open__C_,Ammonia (PPS), 0.0862,mg N/L,0.025257, ,seal,1,1,2025-03-05 14:38:28
451,7_80_451_44978_CRC_CRC_TR_RZ_Rz_1_,Sulfate, 111.97,mg SO4/L,0.431288, ,seal,1,1,2025-03-05 17:51:26
451,7_80_451_44978_CRC_CRC_TR_RZ_Rz_1_,Nitrate (NOx), 0.3879,mg N/L,0.140509, ,seal,1,10.000,2025-03-05 16:40:22
451,7_80_451_44978_CRC_CRC_TR_RZ_Rz_1_,Nitrite,   2.86,ug N/L,0.008099, ,seal,1,1,2025-03-05 15:21:23
451,7_80_451_44978_CRC_CRC_TR_RZ_Rz_1_,Ammonia (PPS), 0.1106,mg N/L,0.030395, ,seal,1,1,2025-03-05 14:38:52
CCV,,Sulfate,  13.75,mg SO4/L,0.078119,0.00,seal,1,1,2025-03-05 17:51:50
CCB,,Sulfate,   0.50,mg SO4/L,0.002624,0.00,seal,1,1,2025-03-05 17:52:17
452,7_81_452_44978_CRC_CRC_TR_RZ_Rz_2_,Sulfate, 155.30,mg SO4/L,0.542591, ,seal,1,1,2025-03-05 17:52:44
452,7_81_452_44978_CRC_CRC_TR_RZ_Rz_2_,Nitrate (NOx), 1.1306,mg N/L,0.196474, ,seal,1,10.000,2025-03-05 16:40:47
452,7_81_452_44978_CRC_CRC_TR_RZ_Rz_2_,Nitrite,   3.51,ug N/L,0.009425, ,seal,1,1,2025-03-05 15:21:47
452,7_81_452_44978_CRC_CRC_TR_RZ_Rz_2_,Ammonia (PPS), 0.1386,mg N/L,0.036260, ,seal,1,1,2025-03-05 14:39:16
453,7_83_453_44978_CRC_CRC_TR_RZ_Rz_3_,Sulfate, 145.61,mg SO4/L,0.518972, ,seal,1,1,2025-03-05 17:53:08
453,7_83_453_44978_CRC_CRC_TR_RZ_Rz_3_,Nitrate (NOx), 0.6603,mg N/L,0.161036, ,seal,1,10.000,2025-03-05 16:41:10
453,7_83_453_44978_CRC_CRC_TR_RZ_Rz_3_,Nitrite,   4.78,ug N/L,0.012033, ,seal,1,1,2025-03-05 15:22:11
453,7_83_453_44978_CRC_CRC_TR_RZ_Rz_3_,Ammonia (PPS), 0.1071,mg N/L,0.029654, ,seal,1,1,2025-03-05 14:39:40
454,7_85_454_44978_CRC_CRC_TR_RZ_Rz_5_,Sulfate, 141.93,mg SO4/L,0.509847, ,seal,1,1,2025-03-05 17:53:33
454,7_85_454_44978_CRC_CRC_TR_RZ_Rz_5_,Nitrate (NOx),-0.0707,mg N/L,0.105950, ,seal,1,10.000,2025-03-05 16:41:35
454,7_85_454_44978_CRC_CRC_TR_RZ_Rz_5_,Nitrite,   2.23,ug N/L,0.006809, ,seal,1,1,2025-03-05 15:22:36
454,7_85_454_44978_CRC_CRC_TR_RZ_Rz_5_,Ammonia (PPS), 0.1089,mg N/L,0.030030, ,seal,1,1,2025-03-05 14:40:04
CCV,,Nitrate (NOx), 0.4739,mg N/L,0.468380,0.00,seal,1,1,2025-03-05 16:41:58
CCV,,Nitrite,  94.64,ug N/L,0.196230,0.00,seal,1,1,2025-03-05 15:22:59
CCV,,Ammonia (PPS), 0.4868,mg N/L,0.109426,0.00,seal,1,1,2025-03-05 14:40:28
CCB,,Nitrate (NOx),-0.0146,mg N/L,0.100294,0.00,seal,1,1,2025-03-05 16:42:23
CCB,,Nitrite,   1.61,ug N/L,0.005531,0.00,seal,1,1,2025-03-05 15:23:24
CCB,,Ammonia (PPS),-0.0037,mg N/L,0.006379,0.00,seal,1,1,2025-03-05 14:40:52
455,7_86_455_44978_CRC_CRC_TR_RZ_Rz_6_,Sulfate, 190.81,mg SO4/L,0.624159, ,seal,1,1,2025-03-05 17:53:58
455,7_86_455_44978_CRC_CRC_TR_RZ_Rz_6_,Nitrate (NOx),-0.0585,mg N/L,0.106874, ,seal,1,10.000,2025-03-05 16:42:48
455,7_86_455_44978_CRC_CRC_TR_RZ_Rz_6_,Nitrite,   2.66,ug N/L,0.007675, ,seal,1,1,2025-03-05 15:23:49
455,7_86_455_44978_CRC_CRC_TR_RZ_Rz_6_,Ammonia (PPS), 0.1455,mg N/L,0.037709, ,seal,1,1,2025-03-05 14:41:16
456,7_87_456_44978_CRC_CRC_TR_RZ_Rz_7_,Sulfate, 232.10,mg SO4/L,0.710959, ,seal,1,1,2025-03-05 17:54:22
456,7_87_456_44978_CRC_CRC_TR_RZ_Rz_7_,Nitrate (NOx),-0.1346,mg N/L,0.101141, ,seal,1,10.000,2025-03-05 16:43:12
456,7_87_456_44978_CRC_CRC_TR_RZ_Rz_7_,Nitrite,   3.64,ug N/L,0.009684, ,seal,1,1,2025-03-05 15:24:13
456,7_87_456_44978_CRC_CRC_TR_RZ_Rz_7_,Ammonia (PPS), 0.1959,mg N/L,0.048314, ,seal,1,1,2025-03-05 14:41:40
457,7_88_457_44978_CRC_CRC_TR_RZ_Rz_8_,Sulfate,  57.57,mg SO4/L,0.262466, ,seal,1,1,2025-03-05 17:54:47
457,7_88_457_44978_CRC_CRC_TR_RZ_Rz_8_,Nitrate (NOx), 0.1809,mg N/L,0.124910, ,seal,1,10.000,2025-03-05 16:43:36
457,7_88_457_44978_CRC_CRC_TR_RZ_Rz_8_,Nitrite,   2.47,ug N/L,0.007303, ,seal,1,1,2025-03-05 15:24:37
457,7_88_457_44978_CRC_CRC_TR_RZ_Rz_8_,Ammonia (PPS), 0.0626,mg N/L,0.020300, ,seal,1,1,2025-03-05 14:42:04
458,7_91_458_44978_CRC_CRC_UP_RZ_Rz_1_,Sulfate,   5.99,mg SO4/L,0.035803, ,seal,1,1,2025-03-05 17:55:11
458,7_91_458_44978_CRC_CRC_UP_RZ_Rz_1_,Nitrate (NOx),14.9336,mg N/L,1.236590, ,seal,1,10.000,2025-03-05 16:44:00
458,7_91_458_44978_CRC_CRC_UP_RZ_Rz_1_,Nitrite,   6.92,ug N/L,0.016418, ,seal,1,1,2025-03-05 15:25:00
458,7_91_458_44978_CRC_CRC_UP_RZ_Rz_1_,Ammonia (PPS), 0.0514,mg N/L,0.017950, ,seal,1,1,2025-03-05 14:42:28
459,7_92_459_44978_CRC_CRC_UP_RZ_Rz_2_,Sulfate,   8.64,mg SO4/L,0.050782, ,seal,1,1,2025-03-05 17:55:36
459,7_92_459_44978_CRC_CRC_UP_RZ_Rz_2_,Nitrate (NOx),22.2693,mg N/L,1.789364, ,seal,1,10.000,2025-03-05 16:44:24
459,7_92_459_44978_CRC_CRC_UP_RZ_Rz_2_,Nitrite,   9.79,ug N/L,0.022301, ,seal,1,1,2025-03-05 15:25:24
459,7_92_459_44978_CRC_CRC_UP_RZ_Rz_2_,Ammonia (PPS), 0.0645,mg N/L,0.020695, ,seal,1,1,2025-03-05 14:42:53
460,7_93_460_44978_CRC_CRC_UP_RZ_Rz_3_,Sulfate,   4.96,mg SO4/L,0.029858, ,seal,1,1,2025-03-05 17:56:00
460,7_93_460_44978_CRC_CRC_UP_RZ_Rz_3_,Nitrate (NOx),26.8404,mg N/L,2.133816, ,seal,1,10.000,2025-03-05 16:44:48
460,7_93_460_44978_CRC_CRC_UP_RZ_Rz_3_,Nitrite,   6.29,ug N/L,0.015124, ,seal,1,1,2025-03-05 15:25:48
460,7_93_460_44978_CRC_CRC_UP_RZ_Rz_3_,Ammonia (PPS), 0.0891,mg N/L,0.025875, ,seal,1,1,2025-03-05 14:43:17
461,7_94_461_44978_CRC_CRC_UP_RZ_Rz_4_,Sulfate,  13.48,mg SO4/L,0.076742, ,seal,1,1,2025-03-05 17:56:24
461,7_94_461_44978_CRC_CRC_UP_RZ_Rz_4_,Nitrate (NOx),13.6280,mg N/L,1.138207, ,seal,1,10.000,2025-03-05 16:45:12
461,7_94_461_44978_CRC_CRC_UP_RZ_Rz_4_,Nitrite,   9.64,ug N/L,0.021982, ,seal,1,1,2025-03-05 15:26:12
461,7_94_461_44978_CRC_CRC_UP_RZ_Rz_4_,Ammonia (PPS), 0.1177,mg N/L,0.031877, ,seal,1,1,2025-03-05 14:43:41
CCV,,Sulfate,  20.13,mg SO4/L,0.109856,0.00,seal,1,1,2025-03-05 17:56:48
CCB,,Sulfate,   0.48,mg SO4/L,0.002525,0.00,seal,1,1,2025-03-05 17:57:14
462,7_95_462_44978_CRC_CRC_UP_RZ_Rz_5_,Sulfate,  16.07,mg SO4/L,0.089934, ,seal,1,1,2025-03-05 17:57:39
462,7_95_462_44978_CRC_CRC_UP_RZ_Rz_5_,Nitrate (NOx), 3.9237,mg N/L,0.406948, ,seal,1,10.000,2025-03-05 16:45:36
462,7_95_462_44978_CRC_CRC_UP_RZ_Rz_5_,Nitrite,   6.71,ug N/L,0.015979, ,seal,1,1,2025-03-05 15:26:36
462,7_95_462_44978_CRC_CRC_UP_RZ_Rz_5_,Ammonia (PPS), 0.0459,mg N/L,0.016803, ,seal,1,1,2025-03-05 14:44:05
463,7_96_463_44978_CRC_CRC_UP_RZ_Rz_6_,Sulfate,   6.31,mg SO4/L,0.037650, ,seal,1,1,2025-03-05 17:58:03
463,7_96_463_44978_CRC_CRC_UP_RZ_Rz_6_,Nitrate (NOx), 6.0441,mg N/L,0.566731, ,seal,1,10.000,2025-03-05 16:46:00
463,7_96_463_44978_CRC_CRC_UP_RZ_Rz_6_,Nitrite,   7.35,ug N/L,0.017297, ,seal,1,1,2025-03-05 15:27:00
463,7_96_463_44978_CRC_CRC_UP_RZ_Rz_6_,Ammonia (PPS), 0.1216,mg N/L,0.032705, ,seal,1,1,2025-03-05 14:44:29
464,7_97_464_44978_CRC_CRC_UP_RZ_Rz_7_,Sulfate,   9.96,mg SO4/L,0.058030, ,seal,1,1,2025-03-05 17:58:27
464,7_97_464_44978_CRC_CRC_UP_RZ_Rz_7_,Nitrate (NOx),15.4614,mg N/L,1.276361, ,seal,1,10.000,2025-03-05 16:46:24
464,7_97_464_44978_CRC_CRC_UP_RZ_Rz_7_,Nitrite,   9.98,ug N/L,0.022690, ,seal,1,1,2025-03-05 15:27:24
464,7_97_464_44978_CRC_CRC_UP_RZ_Rz_7_,Ammonia (PPS), 0.0601,mg N/L,0.019783, ,seal,1,1,2025-03-05 14:44:53
CCV,,Nitrate (NOx), 0.4874,mg N/L,0.478554,0.00,seal,1,1,2025-03-05 16:46:48
CCV,,Nitrite,  93.62,ug N/L,0.194155,0.00,seal,1,1,2025-03-05 15:27:48
CCV,,Ammonia (PPS), 0.4929,mg N/L,0.110705,0.00,seal,1,1,2025-03-05 14:45:17
CCB,,Nitrate (NOx),-0.0059,mg N/L,0.106816,0.00,seal,1,1,2025-03-05 16:47:13
CCB,,Nitrite,   1.91,ug N/L,0.006148,0.00,seal,1,1,2025-03-05 15:28:13
CCB,,Ammonia (PPS),-0.0048,mg N/L,0.006140,0.00,seal,1,1,2025-03-05 14:45:42
465,7_98_465_44978_CRC_CRC_UP_RZ_Rz_8_,Sulfate,   4.33,mg SO4/L,0.026107, ,seal,1,1,2025-03-05 17:58:51
465,7_98_465_44978_CRC_CRC_UP_RZ_Rz_8_,Nitrate (NOx),22.6988,mg N/L,1.821724, ,seal,1,10.000,2025-03-05 16:47:38
465,7_98_465_44978_CRC_CRC_UP_RZ_Rz_8_,Nitrite,  14.43,ug N/L,0.031814, ,seal,1,1,2025-03-05 15:28:37
465,7_98_465_44978_CRC_CRC_UP_RZ_Rz_8_,Ammonia (PPS), 0.0826,mg N/L,0.024510, ,seal,1,1,2025-03-05 14:46:06
Field Blank,,Sulfate,  34.32,mg SO4/L,0.173218, ,seal,1,1,2025-03-05 17:59:15
Field Blank,,Nitrate (NOx), 0.0932,mg N/L,0.181538, ,seal,1,1,2025-03-05 16:48:02
Field Blank,,Nitrite,   1.95,ug N/L,0.006233, ,seal,1,1,2025-03-05 15:29:01
Field Blank,,Ammonia (PPS), 0.0336,mg N/L,0.014215, ,seal,1,1,2025-03-05 14:46:30
Field Blank,,Sulfate,  31.07,mg SO4/L,0.159408, ,seal,1,1,2025-03-05 17:59:39
Field Blank,,Nitrate (NOx), 0.0844,mg N/L,0.174904, ,seal,1,1,2025-03-05 16:48:26
Field Blank,,Nitrite,   1.46,ug N/L,0.005222, ,seal,1,1,2025-03-05 15:29:25
Field Blank,,Ammonia (PPS), 0.0356,mg N/L,0.014635, ,seal,1,1,2025-03-05 14:46:54
Field Blank,,Sulfate, 135.64,mg SO4/L,0.493974, ,seal,1,1,2025-03-05 18:00:03
Field Blank,,Nitrate (NOx), 0.9517,mg N/L,0.828454, ,seal,1,1,2025-03-05 16:48:50
Field Blank,,Nitrite,   2.33,ug N/L,0.007015, ,seal,1,1,2025-03-05 15:29:49
Field Blank,,Ammonia (PPS), 0.1015,mg N/L,0.028475, ,seal,1,1,2025-03-05 14:47:18
1 ppm NOx Standard,no dilution,Nitrate (NOx), 1.0293,mg N/L,0.886912, ,seal,1,1,2025-03-05 16:49:15
1 ppm NOx Standard,x2 dilution,Nitrate (NOx), 1.0577,mg N/L,0.908285, ,seal,1,1,2025-03-05 16:49:39
1 ppm NOx Standard,x5 dilution,Nitrate (NOx), 1.0410,mg N/L,0.895680, ,seal,1,1,2025-03-05 16:50:03
1 ppm NOx Standard,x10 dilution,Nitrate (NOx), 1.0625,mg N/L,0.911896, ,seal,1,1,2025-03-05 16:50:27
1 ppm NOx Standard,x20 dilution,Nitrate (NOx), 1.0368,mg N/L,0.892570, ,seal,1,1,2025-03-05 16:50:51
1 ppm NOx Standard,x50 dilution,Nitrate (NOx), 1.0749,mg N/L,0.921277, ,seal,1,1,2025-03-05 16:51:15
CCV,,Sulfate,  13.83,mg SO4/L,0.078514,0.00,seal,1,1,2025-03-05 18:00:27
CCV,,Nitrate (NOx), 0.4783,mg N/L,0.471667,0.00,seal,1,1,2025-03-05 16:51:39
CCV,,Nitrite,  94.12,ug N/L,0.195177,0.00,seal,1,1,2025-03-05 15:30:13
CCV,,Ammonia (PPS), 0.4747,mg N/L,0.106871,0.00,seal,1,1,2025-03-05 14:47:43
CCB,,Sulfate,   0.50,mg SO4/L,0.002646,0.00,seal,1,1,2025-03-05 18:00:53
CCB,,Nitrate (NOx),-0.0112,mg N/L,0.102821,0.00,seal,1,1,2025-03-05 16:52:04
CCB,,Nitrite,   1.92,ug N/L,0.006160,0.00,seal,1,1,2025-03-05 15:30:38
CCB,,Ammonia (PPS),-0.0036,mg N/L,0.006390,0.00,seal,1,1,2025-03-05 14:48:08
CCV,,Sulfate,   0.00,mg SO4/L,0.000000,0.00,seal,1,1,
CCB,,Sulfate,   0.00,mg SO4/L,0.000000,0.00,seal,1,1,
CCV,,Sulfate,   0.00,mg SO4/L,0.000000,0.00,seal,1,1,
CCB,,Sulfate,   0.00,mg SO4/L,0.000000,0.00,seal,1,1,
CCV,,Sulfate,   0.00,mg SO4/L,0.000000,0.00,seal,1,1,
CCB,,Sulfate,   0.00,mg SO4/L,0.000000,0.00,seal,1,1,
CCV,,Sulfate,   0.00,mg SO4/L,0.000000,0.00,seal,1,1,
CCB,,Sulfate,   0.00,mg SO4/L,0.000000,0.00,seal,1,1,
CCV,,Sulfate,   0.00,mg SO4/L,0.000000,0.00,seal,1,1,
CCB,,Sulfate,   0.00,mg SO4/L,0.000000,0.00,seal,1,1,
